{
  "min_circle_fill_ratio": 0.9238578680203046,
  "max_circle_std_ratio": 0.16077056500550496,
  "max_ring_intensity_gap": 0.061610576923077864,
  "min_perimeter_brightness_ratio": 0.5909090909090909,
  "max_color_std_for_circle": 21.051129913330076,
  "max_perimeter_radius_std": 0.0537257949375185,
  "max_eccentricity_ratio": 1.1436490304814604
}