{
  "min_circle_fill_ratio": 0.9022615536111114,
  "max_circle_std_ratio": 0.1634931407495999,
  "max_ring_intensity_gap": 0.0091594827586192,
  "min_perimeter_brightness_ratio": 0.590909091,
  "max_color_std_for_circle": 22.232681274414062,
  "max_perimeter_radius_std": 0.0410025858914019,
  "max_eccentricity_ratio": 1.1555518531020714,
  "scene_dark_ratio_real_min": 0.55,
  "scene_edge_real_max": 0.0266315934,
  "scene_color_std_real_max": 18.0,
  "scene_largest_real_min": 0.998553723,
  "scene_edge_virtual_min": 0.07,
  "scene_sat_virtual_min": 44.184641729999996,
  "scene_color_std_virtual_min": 43.4474238,
  "scene_dark_virtual_max": 0.35
}